ID,Prenom,Nom,Email,Telephone,Entreprise,Projet,Message,Date
e4771c79-b624-449d-94c5-3d44380fbe2d,Arnaud,Royer,arno.royer2004@gmail.com,+330102030405,,,"gfvhbsjndk,f",2026-01-30T10:26:00.483Z
e9bbef01-675c-42dc-87b0-0a6a4cf7569c,John,DOE,john.doe@example.fr,+330102030405,,,Hey,2026-01-30T06:50:12.838Z
ecb3746a-c115-4318-8536-7441cdc0e963,Arnaud,Royer,arno.royer2004@gmail.com,+330781521620,,,azertyuiop,2026-01-29T11:13:06.765Z
bf9a8d1d-9758-4a22-8b39-84c4455e2c02,Arnaud,Royer,arno.royer2004@gmail.com,+330102030405,,,azertyuiop,2026-01-29T11:04:43.391Z
1a7e01f5-e1ba-49bc-a805-7fc8fa04f973,Arnaud,Royer,arno.royer2004@gmail.com,+330102030405,,,ertyuiop,2026-01-29T10:49:40.880Z
f4ba88bc-9715-4e15-ac1e-7fe845870b6c,Arnaud,Royer,arno.royer2004@gmail.com,+330102030405,,,azertyuiop,2026-01-29T10:34:44.460Z
7e5ac986-0273-4013-9533-e59e59fbe1ea,Arnaud,Royer,arno.royer2004@gmail.com,+330102030405,,,ezrtyuiopiuytfds,2026-01-29T09:12:37.767Z
9791c7fc-64da-4f04-ad73-166a7e813880,Arnaud,Royer,arno.royer2004@gmail.com,+330102030405,,,Azertttt,2026-01-29T09:10:39.845Z
77842cc6-1a2a-4991-bdb0-708b80163955,Arnaud,Royer,arno.royer2004@gmail.com,+330102030405,,,sdfgyhjui,2026-01-28T11:56:42.042Z
b8390eee-17db-4bad-b294-874b83fc7faa,Arnaud,Royer,arno.royer2004@gmail.com,+330102030405,,,Azerty,2026-01-26T15:08:45.152Z